12234,Mahesh,mahesh.ashokit@gmail.com
15534,Ramesh,ramesh.ashokit@gmail.com
12237,vinod,vinod.ashokit@gmail.com
12564,suresh,suresh.ashokit@gmail.com
10034,naresh,naresh.ashokit@gmail.com
10434,suman,suman.ashokit@gmail.com